"TYPE","meanwp","meanct","meanwc"
"BVic",2.59594961154976,21.247847230056,5.34754521938428
"BVic",2.19056017849657,18.6410259772879,9.02314525546251
"BVic",1.48786775060665,20.0773076015116,9.16562997812066
"BVic",1.88996543341361,21.3427157283012,2.74621185742505
"BVic",1.79706022078846,21.2088306676333,2.43782884728068
"AH1",2.15414561501024,19.7771055818902,1.99998201248404
"BVic",2.52553198810657,21.9960161022094,6.32517983952996
"BVic",2.18027259906142,22.9220529181457,3.48341013865233
"BVic",2.20691973459301,18.0049734229591,7.13998097125086
"BVic",2.17447881278736,19.1871978064095,6.29963071036015
"BVic",1.67062479994663,20.914731221703,2.52633402665628
"AH3",2.89876685346319,21.6017691506095,1.56573314915609
"AH1",2.55440466975025,24.8938654980646,1.73485067739161
"BVic",1.83654689146094,17.911409642895,5.60567432780726
"BYam",2.52215007332599,22.0370434198814,3.25591472878321
"BVic",2.5006475315974,21.3413954197679,4.7081465514279
"BVic",2.1787480071196,19.46017471786,2.49207293435365
"BVic",2.27581023832919,17.1516330527065,3.68585319344321
"BVic",2.1784484503157,21.0901198245711,2.96732703090903
"AH3",9.23789825246353,16.0682993786714,3.76538151412241
"BVic",1.65454906148575,21.0884539361262,2.24551881265437
"AH3",1.7367986896916,18.1754353637123,2.515683754728
"BVic",4.69095129624188,16.0556857610723,8.64900103946385
"AH3",2.00901923344158,18.3267819678708,3.52289965797856
"AH1",2.14164164350706,19.2954168067265,4.47164260253957
"BVic",1.36331841675052,19.3347891557675,2.93569216811593
"BVic",2.20510563674901,18.9766598895063,8.49128052540265
"BVic",1.80942251508358,19.611790012735,10.790383959263
"BVic",2.04700850842985,21.383876626676,3.03936910420783
"BVic",1.14507816330455,20.5519864046294,1.31100521216298
"BVic",1.65385169489748,20.4022542497572,2.58338824150549
"BVic",2.33363288060898,15.4332571580098,8.62327292614534
"BVic",9.68922853140242,22.8956841075294,3.06143792440395
"BYam",3.94046786027406,6.83322634633369,6.23119796275699
"BVic",1.86102994064086,17.1603985255952,4.40345434031639
"BVic",4.52303400551731,15.4566675777412,3.97644774276663
"AH3",5.12270565940967,16.6996556811515,6.40463944939054
"AH3",3.13871252777534,23.4917830643666,14.653092501982
"BVic",2.02175471291985,21.1518046332079,3.12193344437582
"AH3",2.20737672640139,18.1996905414078,3.28801389636302
"AH1",2.43398902596968,21.6385718074709,2.54031194577683
"BVic",2.0011314568452,20.3828566560765,3.21230576590322
"BVic",2.15056265497514,22.3866110426836,5.79603020673122
"BVic",2.15058482836699,17.3962521470859,6.40992873403963
"BVic",1.43383685980814,21.0569021063909,1.43416035878215
"BVic",1.71529819486325,21.1993195336516,2.43943783294253
"BVic",1.85218406044555,21.2051363897784,2.37176460569989
"BVic",1.34680712793582,21.1437405390746,2.18391786295341
"BVic",2.23569366887666,19.0088878348483,4.39974766105836
"BVic",3.32828944469023,16.4995857103745,9.5629385085318
"BVic",1.23406837318625,20.8576680554992,1.23979130024115
"BVic",1.80870869038223,20.52936235127,5.17832210193691
"BVic",1.95818365487589,20.3361670070714,2.33195132169971
"BVic",1.90324772126043,23.6024455498528,11.025840989967
"BVic",2.03911239335839,22.7623692126764,4.76666365311802
"BVic",1.48055285820518,21.0596022430173,2.79957912910268
"AH1",1.58124240696477,22.4368262329174,1.21980676471473
"BVic",1.66292440857402,20.2839897724789,10.7036262672946
"BVic",2.12579087059233,22.9607695723622,4.71664876787248
"BVic",1.51525462164528,20.2763012580123,27.5964061607502
"AH3",1.43785308971716,20.3670463701405,2.40802791747163
"BVic",1.50515370707684,20.5580976315119,1.65804531396266
"AH3",2.44343716283894,20.9910640520407,2.80222972341365
"BVic",2.97325653793724,19.087586056569,6.48162766209302
"AH3",1.95800212260399,20.2245583975229,2.71119840692912
"BVic",1.56942634973049,21.3855710896306,9.30798802453682
"BVic",1.58744931203186,21.2472650834493,1.72829555743301
"BVic",1.91618542747876,21.4451875033571,5.46657136226746
"BVic",1.95841588429009,19.8817097706618,2.20298693945431
"BVic",1.64025840623183,21.0291795001386,2.59168333837831
"BYam",2.28309171486164,17.4407379263458,5.7594028943755
"AH3",1.37228662627844,19.9516572670246,1.86981931452639
"AH3",2.00927089757792,14.8121075721583,1.98989246650053
"AH3",1.29584290086136,20.2334293368062,1.69433676087816
"BYam",2.13000401502112,17.0135076581555,6.1904866828028
"AH3",1.45585009835119,20.2721703203008,2.01084196577839
"BYam",1.78145791344524,20.8138138689455,1.73753681324891
"AH3",1.79776652254879,19.7861775841836,2.28557367025648
"AH3",2.13027968143738,20.2183085709969,2.57205107932523
"AH3",1.71961306495956,17.9859807879383,2.37921223765257
"AH3",1.70357643229191,17.5787220066634,2.44745033970003
"AH3",8.17573956772556,19.3615830006214,6.23422286015558
"AH3",1.97407321199334,14.9344553629209,2.54819971979765
"AH1",2.20439267336633,14.1912691608163,3.30805962934226
"AH3",2.26853573506643,11.5360233523605,6.45905549848853
"BYam",1.95582179916064,17.5617631847113,2.45869556779427
"AH3",2.21924977172139,21.0973577529534,3.82646400345919
"AH3",1.75184278813007,19.806128867551,2.40279921238285
"AH3",1.75607572827042,17.8029307577831,2.49467499240382
"AH1",1.31458298518363,21.5514451479567,0.869888241296509
"AH3",1.39808500874107,20.1291483538182,2.06835405778036
"AH3",3.03795088431724,21.0641149515058,3.02416433010652
"AH3",2.54421882420949,18.5867901573845,5.4763686828058
"AH3",2.03676991092168,16.3817467055867,1.92876847907376
"AH3",3.13683803073897,17.9236792817193,9.78275353139387
"AH3",1.27305314647716,19.1911209032989,1.29965925100409
"AH3",1.90154880237322,16.0001005836138,4.7193673247607
"AH3",1.42103557707378,20.0858873788344,1.94511529468502
"AH3",2.24061894149356,17.4296374929195,6.17045877764979
"AH3",2.00047162160917,20.2353103289019,2.75676166004178
"BYam",1.5281142481687,21.112578988606,1.79167780755457
"AH3",2.32907468226121,18.8901173497055,11.268912359903
"AH3",2.46256391060389,17.2628253076931,5.18266125121523
"AH3",1.45036160241712,20.1697055477556,1.96089530067381
"BYam",1.78686287250297,17.6205125842422,2.78129262144624
"AH3",1.80159054169984,19.9288871529668,2.24311298863781
"AH3",2.41340271026858,14.8438857942521,9.42640630421433
"BYam",2.87215290017306,8.02220348258219,5.4459053022602
"AH3",3.10888480843818,14.8690879391925,5.15166643785729
"AH3",1.33185758996866,18.4542229657224,2.34390630048655
"AH3",1.97493476775688,18.2941360646717,6.36401963121448
"AH3",1.4540599079235,20.1114194790112,1.63795423896665
"AH3",1.49137030791337,20.4143210424877,2.15452983810337
"AH3",3.7921604075759,20.6631135304353,5.36808150605056
"AH3",1.21777323451967,19.8943551852075,1.37792989241257
"AH3",1.53304179035722,20.2753556003603,2.07687386068043
"AH3",3.44767343905112,20.3628979148874,2.71758507035184
"AH3",1.53625873281781,20.1153823602012,1.97556228455461
"AH3",1.50340667410712,20.2153041314194,1.43513555375536
"AH3",1.75088416482688,18.7374600717442,2.45723345316508
"AH3",1.78605770327019,18.783908387129,10.3235749533518
"AH3",2.59677137527677,20.8816205676483,2.8321926322003
"AH3",1.73524163198924,19.7090321903364,2.39567150409365
"BYam",1.80774635590675,21.1571649605141,1.89270782396871
"AH3",1.73022989114019,20.128867629605,5.14030253349611
"AH3",3.04772638870393,14.8564746885592,5.1863376609129
"AH3",1.36734005370791,20.0987245497273,1.5976590699257
"BYam",4.20876266546036,14.8893939136124,8.52158402822519
"BYam",2.02119913270304,22.1120680191894,5.10284013354464
"BYam",1.94938880491133,17.13682217397,5.67033074123897
"BYam",2.94081328592241,19.1844156504011,12.0566544676288
"AH3",1.28034551395738,19.1002230944017,1.26981786383821
"AH3",1.97980358521865,18.2950895112451,2.08254681320428
"BYam",1.72795441601562,20.7778698628626,2.46898907239571
"AH3",1.91993049488581,18.3267700105712,3.6815819044323
"AH3",1.74243180356392,20.1670383144735,8.12657104521376
"AH3",1.16091042712996,19.14842446682,1.4337220310862
"AH3",2.38865202134343,20.7041356549628,4.21447679340397
"AH1",2.12861596810848,23.5230359103753,2.33152164681648
"AH3",1.96102142660921,18.4624091986565,2.07571502267091
"BYam",1.98140524086773,15.5884727682592,2.31557146850517
"AH3",2.65473181516971,19.5013091356085,4.75738908689186
"AH1",2.38789943564055,22.5977607552655,2.52946095556005
"AH3",2.16075905110653,17.0946141867711,1.49647915103376
"AH3",1.99725415679512,23.6180952409482,12.6396885156277
"AH3",1.73180177077206,19.1280064653269,2.41947205902299
"AH3",2.28028007926941,21.0773890181947,2.78289126136566
"AH3",2.64979134275121,19.3376862929858,4.94116315655049
"BYam",1.52616731897681,21.2010723090089,2.19582671031303
"AH3",9.58322169924778,20.6269170039839,5.34535602121052
"AH3",1.53560267949947,20.328143934178,1.76436593402392
"AH3",1.58723019064723,20.2279174119699,1.97573584419599
"AH3",3.22549993495654,20.609193714244,6.09433954484522
"AH3",1.67239397835738,19.2378923902526,2.09625803010562
"AH3",1.66969054602146,18.6032092053169,9.73206525191135
"AH3",2.99068790260019,18.1694243565475,3.9558378152139
"AH3",3.48770922562233,14.8206438659813,9.2069485499541
"AH3",1.8251033468584,18.5780098968576,14.3447871419042
"AH3",4.47689817798678,19.9351508314531,7.45445649636892
"BYam",1.84894143475962,21.5063864131277,2.43691335937509
"AH3",1.72575156075659,20.2413311325109,2.16339644685752
"AH3",1.33609171398783,20.5220881945779,11.6342082679123
"AH3",1.5027279194299,19.8245344547092,8.58434721357871
"AH3",2.1359173477617,19.9122791246294,17.4602866871703
"AH3",2.99578696638272,18.3599115467621,4.54086900655179
"AH3",13.382074102995,18.2651492421902,2.26364774622054
"AH3",1.78823720207161,20.2912851374368,2.18925945085201
"AH3",1.56604783436899,19.6936594169272,1.87698805091292
"AH3",1.32555879234786,19.3225369288668,12.1398309199408
"AH3",1.58222900346309,20.4886062240771,2.19648867329264
"AH3",1.14088765220798,19.7685744552773,1.36818350453666
"AH3",1.89808859281367,20.2460276214642,1.95930618919753
"AH3",2.13498264809671,21.5883219584754,4.81660909050652
"AH3",2.08011222103247,21.5718438707411,4.65944983102438
"AH3",2.38270259532922,13.6877950779938,12.4892648600655
"AH3",1.46961481622749,20.5264405815573,1.89877220579074
"AH3",1.37948439902735,19.7864937016552,1.80342135988836
"AH3",3.07148483765985,20.3285000875901,3.26618634497519
"AH3",1.65131127897412,19.8228141616786,2.15565033017087
"BYam",1.49556984517009,19.2044151566308,1.73068694317566
"AH3",1.48791764152998,20.05737096328,1.74141209473278
"BVic",1.62277920281336,20.5865957055762,3.01795111494379
"AH1",2.24245438024818,20.4181833132463,2.39542241685086
"BVic",1.4306144903575,20.661767437546,2.3223105565875
"BVic",1.70200198089085,21.2200112965338,2.42648420543239
"BVic",1.10436289156164,20.5880493864775,1.35320078743305
"BVic",1.26554635924382,20.4791181536878,1.39967759320727
"AH1",3.76953857618319,19.7192614830832,2.95874169113532
"BVic",1.3562767750946,21.085617445902,1.6414728824894
"BVic",2.05883942825004,18.0559316702419,1.52882087895645
"BVic",1.54402118040694,20.7944530018472,2.01569192799666
"AH1",2.03925424354765,23.6438162004041,2.07205511001811
"BVic",2.18919151586232,20.2270539685242,6.03909112868802
"BVic",1.79646990518112,20.7434547567529,2.34458727065985
"AH1",2.02305610350707,22.7164190366436,2.18089375151671
"BVic",1.16877126675404,20.7124572910393,1.70844559719211
"BVic",1.69079080677874,21.5799172032255,7.2512830111161
"AH1",1.28480572622953,21.5875120429855,1.08965705725232
"AH1",2.63196488760028,20.4447418069382,4.88048280326606
"BVic",3.87261917477513,20.8961466240434,7.79803939748436
"AH1",1.91677166524614,18.3586637948424,8.7590904525422
"BVic",1.50300782878836,21.2201313400155,7.88032223925877
"AH1",2.54716632895428,15.5108607262152,10.3831385765243
"BVic",1.5131654709999,21.1450709416196,14.1796549773517
"AH1",2.04618018222813,24.5621426482504,2.51548941151033
"BVic",3.64451422112564,21.6110864063858,5.59690459339722
"BVic",1.20002422943519,20.5462996942379,1.51569458817016
"BVic",2.84179926311407,16.2465028695616,9.46171017170487
"BVic",1.14840846642315,20.4227508687292,1.26152649920388
"BVic",1.44102930697607,20.3635523934338,1.47731250859612
"AH1",3.4053010862427,22.7658958290999,2.91083072165129
"AH1",1.81768659049182,22.4820965415223,1.17641991954129
"BVic",2.74195850621307,21.7560638747638,3.54264510388837
"AH1",2.68928463172117,22.5249125996531,13.5431163873767
"BVic",1.66838559319101,20.7223757770509,2.58522812448756
"BVic",1.18869713245068,20.6887832120169,1.42270201934476
"AH1",3.08482417447343,21.8943660186805,3.51396225051297
"AH1",2.2094490353411,19.8605044165917,1.96450184099547
"AH1",2.20512039686301,18.7585269830039,1.96082324646181
"AH1",2.71431754183605,24.077865652568,2.76977480621674
"AH1",2.50223979931351,23.4849281112743,10.5633431799868
"BVic",1.02444736607787,20.5351806821042,1.15124479038171
"AH1",2.5224506492731,24.599777897833,5.08406071061687
"BVic",1.86666462803997,19.9842714065582,2.21411471403363
"AH1",2.79531451498665,14.9621124680429,5.21371123525925
"BVic",1.72689194824934,19.2571485743451,10.5341609128179
"BVic",1.88841246734288,20.7086390116765,3.0379732102646
"BVic",1.81966132998267,22.0965138012463,4.35708846564522
"AH1",1.36513240152803,21.5977994114712,1.24596744955284
"BVic",1.12304619338712,20.2943101252792,1.38576955358298
"BVic",1.6667173019466,20.1243152143508,2.99428239651513
"AH1",1.7479599206683,23.5265587190157,1.52036245323777
"BVic",3.22858768615187,18.5871385235753,11.419363763729
"AH1",3.22793057821177,11.5881283281681,4.64885186362291
"BVic",1.57618556019103,21.4098650326937,2.23357335553885
"BVic",1.66344778680949,16.8360008545648,2.4930888948815
"AH1",1.6772105574361,22.9714610313297,1.69399232986036
"AH1",2.19258969622666,18.3732290537505,1.95485888901233
"AH1",1.65444493175846,23.4153469810377,1.43575001882452
"BVic",1.79653183475962,20.6363859449603,2.30592423470067
"BVic",1.46248608994032,21.3643657371749,2.26464736711854
"BVic",1.06025411619736,20.398973965042,1.30223883143889
"AH1",1.85712896450323,27.2258116840208,12.1727165517115
"BVic",1.85504932505482,18.6456185801773,2.11616811560538
"AH1",2.70652075543811,21.5729800708396,4.29076683709605
"AH1",2.73303225016678,19.9486526513354,4.9938430128312
"AH1",1.55474846812843,23.0447655793083,1.34876502047081
"BVic",2.87560609452953,15.3940579864623,9.52852286963881
"AH1",3.04990548621371,18.1043405909902,6.50741211672867
"BVic",6.65404687341121,23.979719199932,9.62248502923117
"BVic",1.75186853007524,21.3849201117077,2.64908175601615
"AH1",2.86154431703166,19.8491525207545,4.39970655223689
"AH1",1.864112246732,23.8357471796683,1.97305780933133
"AH1",1.94481632174679,18.9391668158271,1.39036494829909
"BVic",1.36686333956276,21.0856372052036,2.0202969013575
"BVic",1.41387852721675,18.5771990061598,9.43418200460895
"BVic",2.40504863964644,18.0244913747819,5.29944283540387
"BVic",1.29548597399265,25.513853503603,17.5788804682106
"AH1",2.69737160078988,24.1453242963886,2.56342657981987
"AH1",1.99115520488609,20.8371849036855,1.82742138869466
"AH1",2.19440703702728,19.75735064154,4.24186097927597
"AH1",1.76458531570916,26.3333713337931,11.4061015708543
"BVic",1.68616848206174,20.5298927777523,2.53320003895394
"BVic",1.13116497338628,20.5606717827492,1.34661701420216
"BVic",1.53381274097749,21.5069037069288,1.99475067622895
"AH1",1.50306632475083,21.6822267982764,1.05903926845408
"BVic",13.2603139471126,27.6915386552862,12.2723271695248
"AH1",2.94833482971315,15.8518491154318,12.1802552854366
"BVic",1.67522992178697,18.0200338933854,2.18390223678613
"BVic",1.30840680611428,20.4706679910301,1.1694591219635
"BVic",1.76337643422781,20.0279791394597,4.45548660509713
"AH3",1.24496453040312,19.1019709637367,1.32376349885002
"AH1",2.08084185948976,22.9344430408747,2.03180236212779
"AH1",2.0328544004654,21.8354316377814,2.16289941752931
"AH3",1.33270152312747,20.1831558702928,1.52015274436942
"AH1",2.59633898309098,22.3852633151776,10.0643648263826
"BVic",2.56177603842206,21.1833161489164,3.02893473320472
"AH1",3.00928960323372,15.8303546552827,4.79257548819053
"AH1",3.4793366280849,14.3470265278605,8.74599455154627
"BVic",1.50716674083962,24.9265173411246,17.0614921769747
"BVic",1.94629921448311,22.5748650142372,4.73364276876833
"AH1",2.82132322335984,18.651477820842,4.65752974639123
"AH1",2.11683550752692,22.4239204558531,4.01255975155558
"BVic",1.69612030543342,18.8342329344006,2.54099472719568
"AH1",1.98757869106629,22.3229816159885,2.13992719978974
"AH1",2.03805276810171,22.4408192766322,2.10394293091543
"AH1",3.91390543071505,21.8494421418082,5.36612035284226
"AH3",3.59244063386167,20.3039645185512,4.37892170143381
"AH1",3.64767521681967,21.1313162114062,4.9167147945981
"AH3",1.9590718425591,20.3071705735134,2.65472898215578
"AH1",4.86442754994224,16.7257469413171,3.53853672452619
"BVic",1.76469220783649,17.0988557610358,6.58769773601427
"BVic",1.64356278933328,22.8479878038191,3.96889417902869
"BVic",3.32869062833879,20.1362177476738,12.6410917732226
"BVic",1.6559469803274,21.450507940163,2.58560843303954
"AH1",2.20093027399728,20.331373852923,2.38754563824478
"BVic",3.54688894950959,21.0142206563251,3.31131292389039
"BVic",1.65480082659301,21.1862399833985,2.43768429334482
"BVic",3.27103731730355,21.5924204984848,3.00268240134662
"BVic",1.65066252185667,18.9243044432246,2.99623322924707
"BVic",1.8800780769461,20.7912581583743,9.05854917043268
"AH1",1.66701781527686,19.9680413515481,2.08142654299515
"AH1",2.24936787632005,18.4081026101445,2.36766087474869
"BVic",3.06229700956644,16.4631254149645,4.46519530874435
"BVic",1.82750858702655,21.3005380945089,2.90092863345389
"AH3",1.84466312826172,20.279596353549,1.91763961115118
"AH1",2.16380512393533,23.613879861554,1.98617262056637
"AH1",2.32086668615531,21.1380422702478,3.70303892686216
"BVic",1.67461565060348,21.3382516771268,2.33111253385528
"BVic",1.44245393611093,20.4010064465035,1.41452413851936
"AH1",4.93306447037016,20.8671875692446,4.11178022100418
"AH3",1.36741083347663,19.0459242318858,1.46241136603491
"BVic",3.0130787619367,16.3246396575271,16.9846404185881
"AH1",2.40910755001635,22.1920015637007,3.08178075880359
"BVic",3.91186964713309,12.6470306009298,8.00284932571722
"BVic",5.04162417506848,14.6106289587895,16.067705875205
"BVic",4.30221854025081,17.9951408191946,3.9077980160382
"BVic",2.19597420144536,22.046532605262,5.31013370051359
"BVic",1.76702894745314,18.2164740188918,8.48959086535229
"AH1",1.15713615123338,22.0297672959806,0.761352642880911
"BVic",1.65510879139672,19.5613073339919,3.28636825848997
"AH1",2.24583330862654,18.5063754435766,2.35367485282189
"BVic",1.87076744481452,19.682800422537,3.5045890263361
"AH1",1.44015001343914,21.9031715907881,1.10335793109686
"AH3",1.70455550438267,18.7323642796428,2.49578679141451
"AH1",2.01719684935434,18.7677563605901,2.24613955367378
"BVic",2.13684266987394,16.7254960875426,3.04759046126854
"BVic",1.70863693117993,21.3948520444679,2.21853380721657
"BYam",1.74062266262213,20.9480681886571,2.64809416242324
"AH1",2.32693302426458,25.0735718928534,2.22042450818178
"BVic",1.7027768822974,23.3201584539274,5.68963845300197
"BVic",1.83347300009323,21.2335996748496,2.62829894092996
"AH1",2.13049786785462,23.3993831661469,2.2248200252329
"BVic",2.40349109757578,19.7291094922765,6.32445082497789
"AH1",2.8753318344804,12.7187261476354,4.14311714139011
"BVic",1.14317912272748,20.4319917254462,1.26650130092768
"AH3",1.73260550603592,18.3772119516977,2.49348907674021
"AH3",1.99257605985413,16.185562876878,2.00603115722157
"AH1",2.20013749616419,15.2549543462085,1.9396891964536
"AH3",2.15537172614194,19.2490493789841,3.21738798751641
"AH1",2.30608743026708,20.4945541183749,3.13135938131696
"AH1",1.77711804926092,21.976646807949,5.32352010096055
"BVic",1.67393471922859,20.8511406669316,2.33484989864569
"BVic",1.77838528912073,23.3239211371961,10.9960322788173
"AH3",1.74571098339784,20.3926890842891,1.81565439817475
"AH1",2.08414933140666,20.8496114379023,1.56917849902154
"AH1",1.94693930323607,22.7791760441581,1.73058083643057
"AH1",2.18242182733899,22.4751418761075,2.18913945618879
"AH1",2.28200754783451,20.8297820764666,1.61206182433878
"AH1",2.07165731980988,23.0661455030859,1.94298875500582
"AH3",2.14735119571751,20.203346419238,2.87631005416334
"AH1",2.44849434221574,24.5237266509918,3.16455282114599
"AH3",2.05857620940561,20.1966180607505,2.83277586926516
"AH1",2.22250860997708,25.3141562532292,3.11639289681833
"AH1",2.26022914559712,24.5572327060165,3.41727117335009
"BVic",1.81139540932664,20.5289830303139,5.76705872901696
"AH1",1.96988878050939,23.5352133632994,2.02869349214823
"AH1",2.11025948134318,22.4015715407248,2.16913341210141
"AH1",2.11705961818414,22.3517309045021,2.04507911896656
"AH1",2.5620371177865,22.5561636137281,5.06714031555979
"AH1",2.84287338399727,22.7554832802228,2.23682141613576
"BVic",1.45283579109354,20.8108771833757,1.4729468132687
"BVic",1.34409653409095,20.407400294059,1.94230726311438
"AH1",1.70968063475167,19.6763808610014,2.591083257473
"AH3",1.8567256814453,20.1888226251474,2.03827902945876
"AH1",2.08560304105241,23.5341593012106,2.09775415502456
"BYam",1.97318773706197,16.3852140887072,5.48513609881149
"BVic",1.86472735775641,17.4030418400538,3.74095512201172
"AH3",1.34076168051951,19.7683718550503,1.92798242057669
"AH1",1.70584866004482,23.5976770244881,1.90986271818776
"BVic",1.1750756732113,20.5905368951336,1.54881975547963
"AH3",1.13108881341471,19.5478087096912,1.30111475845425
"AH1",1.57785161765256,22.5359560468674,1.27280355228122
"AH1",2.19750848021011,23.7975868774597,4.86467339427101
"AH3",4.67896186381631,20.1672540696274,3.01224604385705
"AH3",1.88615644100516,21.2114664778666,4.91996279853141
"AH1",2.24352814951913,20.9968923758297,3.14815222265231
"AH1",2.78212145957616,25.1966489012752,3.15243572873851
"AH3",2.33634422054095,20.2718851841094,2.86487747824995
"AH1",1.75629911339602,23.0718633107409,1.89478502889571
"AH3",1.19815707039758,19.9378465356452,1.49561040217541
"AH1",1.84885634787329,23.7757841845253,1.5498373521705
"BVic",1.85248551269681,21.3111873953873,2.49151765549129
"AH1",1.85450366932923,18.5822577104915,6.81283130415669
"BVic",1.81444344916672,19.4128030147076,3.82305366483232
"AH1",2.30519448163485,25.6288262280723,2.34276935118198
"AH1",2.05874105572942,23.4663772585891,2.13503683503511
"BYam",1.69266844999361,20.8084903345908,1.81357654366176
"AH3",1.98403185264635,18.2927575231235,2.0752033252283
"BYam",1.75742299343112,14.9496356831295,2.77721947661081
"AH3",1.62128159563979,20.247147545972,2.27271207979879
"AH3",1.6992749122704,14.9606108160289,2.7966607300287
"BYam",1.82932420531773,15.0834435971843,2.70610076065184
"AH3",1.35761066957494,21.2340225265359,13.7147823149751
"AH3",1.83197103266153,19.7935344050521,2.24334359108328
"AH3",7.16134062190249,18.9468565998327,7.12784063968703
"AH3",2.52710935670824,18.2406213695396,6.10345728083565
"AH3",3.65792739603845,19.2131887865143,7.04508674796213
"AH3",1.46427808551916,20.2235338465654,2.30399581559529
"BYam",1.81668301298281,20.2901270226011,2.54103936266184
"AH3",4.79984850717454,17.40167054035,2.50155679961914
"BYam",1.87684625929085,19.9348216793616,2.53628192811506
"BYam",3.62780603723578,16.4318613856468,8.77191644789974
"BYam",1.97161190158106,16.2045679624604,6.68639786369256
"AH3",1.7949654227502,20.5671781073518,2.84874163187335
"AH3",1.92917400405606,17.453578496508,4.2011087561193
"BYam",2.58611036574849,16.9772938562267,4.20689162671509
"BYam",1.68976807512496,20.259866803373,2.7204530976438
"AH3",1.80167476798024,14.3520136493904,7.56284220753694
"BYam",2.02965117972883,17.5583387818805,3.63097261854979
"BYam",2.91193636317527,15.1616234409554,8.83014272877453
"BYam",1.92094318375255,22.4879026378743,4.59766515221837
"BYam",2.74852881560193,25.3797559726457,7.09883804011343
"AH3",2.2847824435194,19.7982110679903,2.45359275081556
"BYam",1.78875574786331,17.1394378872571,3.41155652855291
"AH3",1.08903348631605,18.6226588971203,11.6541253978394
"AH3",1.72131587634357,19.9144121613368,2.44895577247841
"BYam",2.76740254948031,20.5030470112403,7.99481029338324
"BYam",1.80513707453862,12.9244058410986,2.71720581726119
"BYam",2.33052214880792,21.0878277036378,5.43251696105889
"AH3",4.2074965869185,18.3211293150301,11.2374297860719
"BYam",1.74942146024794,20.8502452576855,2.71868016536037
"BYam",1.80570692908032,18.0970490264953,2.71687357621547
"AH3",1.73404081903251,19.825616479837,2.12634480680641
"AH3",2.26345797628933,20.1085422025811,2.26520688288326
"AH3",2.0162333996085,17.1798399011894,2.50372257287924
"AH3",2.4896765968029,20.7203843800461,6.18316292399224
"BYam",7.49343553530812,21.9861699036961,7.84178850223989
"AH3",1.7888027584885,19.9434739704391,2.34695483583607
"AH3",2.66954637451769,20.1453604553681,3.4106281609832
"AH3",1.4240391051628,19.8654239452511,1.77112825312712
"AH3",11.2057439165109,10.8160739821923,2.72075910005012
"AH3",1.89962884510388,16.9206450387971,5.33261926270763
"AH3",1.75885170114995,19.6866131130804,6.32795249440732
"AH3",1.77167341674333,18.9625187516322,2.69632019666534
"BYam",1.64719395726002,18.0819203955652,7.72066565050047
"AH3",2.26180365287183,21.0335687458609,3.41413350490974
"BYam",2.78048501837073,13.0391120922547,5.73153116534087
"BYam",1.50231566089489,15.1598551326037,17.6217060245196
"AH3",3.33826466868842,21.2586843112089,2.60499583957612
"BYam",1.89726758599818,18.3517720615902,2.46595887279885
"AH3",1.71859510243469,18.3864846078595,2.46492118534591
"AH3",1.81908507517636,20.2293999845057,1.92868617172354
"AH3",5.03899203262796,16.6611700986713,3.14169471273808
"AH3",1.41600040660364,20.1023966143913,1.8248293113595
"BYam",1.61646365192706,21.510148448905,2.18785844425418
"AH3",4.63890237836272,16.8904332877512,2.64148196283668
"AH3",1.6903353267329,22.0884292606783,3.455592309572
"BYam",1.71984613706017,24.9490177083279,4.92244814859524
"AH3",1.50585149399481,20.2955969746774,2.29616501173538
"BYam",1.75501477322641,20.8945396897072,2.55175338026944
"AH3",2.04289690403278,19.8746610195719,4.90592903498081
"AH3",1.61418085509155,18.4931612681684,11.2862371532187
"BYam",1.68461940374745,23.3073655700905,10.5269323976374
"AH3",4.92300827671153,15.6431537860562,8.98452830461943
"AH3",1.31675295714399,19.6960902638984,1.50215383502744
"BYam",3.21358350445655,19.7756650595872,3.56660677978862
"AH3",1.44550522357582,19.7786186129804,2.08665285899132
"AH3",2.22817235518366,21.2561762261268,2.8520032931761
"AH3",1.92920476544697,18.7448142282044,2.13947103976049
"BYam",1.78339706092029,18.9081553989955,2.72670141739616
"AH3",2.09280956079805,20.1815954642014,3.37474215729405
"BYam",2.01227504931694,19.595906918162,7.53473657831402
"AH3",1.95653805594068,18.6857081179115,2.11782667527216
"AH3",3.86165466723732,9.19769601203593,5.36950864637606
"BYam",2.39366384903857,13.2749666645884,10.4768610276104
"AH3",1.73270840232323,18.8382887457293,2.43032385382502
"AH3",1.83749733409494,20.3940126782483,2.07505110849858
"AH3",1.96277082017539,17.7537048006319,2.06467638352233
"AH3",1.02916426516182,19.075373664078,1.03885034589126
"BYam",1.60304048339765,18.7719086374327,2.51765356039642
"AH3",1.0966459632626,19.1455105544363,1.04769865313038
"BYam",1.93476307594986,21.0948754355051,2.39473115463276
"AH3",1.64916644578675,20.1149550939466,9.21311983756081
"BYam",1.40809052776914,17.0650084274135,5.1307080975941
"BYam",1.61315043335668,20.5649146390343,2.22410396412587
"AH3",1.73286253828447,19.7739119185563,4.05503916566878
"BYam",1.46914289766872,15.0401204917427,3.00906542736989
"AH3",1.92649234508634,20.2854435750538,2.00767364403678
"AH3",1.93773814720339,20.1962263993323,2.04790504562307
"BYam",2.13145558390445,21.9342948514075,4.87281752548805
"AH3",2.24713406510878,16.6234100644344,9.8039907761618
"AH3",1.68183207068019,15.5029642392926,2.85074686903035
"BYam",2.21170282251504,21.7946261178293,4.92946796998397
"AH3",2.85150096841574,21.323833514993,9.38225540794969
"BYam",2.85326923106775,22.9626224936928,11.0625830596796
"BYam",1.8254847849322,20.3759322074793,2.52326472782847
"BYam",1.77081991836208,20.827746066001,2.50551120777361
"AH3",1.93601318283242,19.9184774484235,3.40775868361037
"BYam",1.76960056162279,18.8830042481865,15.6215105691913
"AH3",1.97229215078816,19.8127692303474,2.58151472209817
"AH3",1.93939395147887,21.1220128442425,2.78102974284176
"AH3",1.69347492636687,18.671232259849,2.45432063765276
"AH3",1.71439734062106,19.3941484903034,2.45964638822239
"BYam",3.08671422011212,23.5473719483134,7.83966070967903
"AH3",1.7461997541619,19.8558979965078,1.57623676781357
"AH3",1.62667600269646,14.1618381477862,5.32543135934407
"AH3",1.38020848389241,19.5202783342785,1.57964525340097
"AH3",1.02539598687415,19.0478329485996,1.27261725949612
"AH3",4.23559318242273,15.5292884623669,5.48629346238302
"BYam",1.71151152946877,21.1545140487789,2.4244101762337
"AH3",1.87047922315431,19.6809194579357,2.4653108292481
"BYam",2.16551035223054,19.9269895543718,3.12157948957925
"AH3",2.3484737658351,21.3020887086471,2.97024306870875
"BYam",1.85542544868987,20.6473510393685,2.84783511748626
"AH3",1.86564219476997,19.2046889937166,4.92335809767453
"AH3",1.69610208098052,14.356643539201,2.4298142387254
"AH3",1.79129775491956,19.9945002597539,2.09973435620587
"BYam",1.66208182869721,20.0456707750041,2.31475114562688
"BYam",2.28566047622544,21.8895082266374,4.18035423510387
"BYam",1.77656425689683,14.7116808205376,2.76200033924285
"BYam",1.74820503545102,21.4825791548709,2.44097497121313
"BYam",2.23413619378,18.8314518437265,3.41260705678942
"AH3",1.33520642716908,19.8183670736007,1.6213181944543
"BYam",1.96890471409061,17.1757304782593,2.40224839083096
"BYam",1.7469911473562,20.6416633549228,11.2064393041779
"BVic",1.89374035626356,19.547672142839,1.11517904728898
"BVic",1.78479594636501,20.2868303886989,4.34508542069143
"AH1",2.21741588910555,18.7182890749597,1.92778709080841
"BVic",3.57169108698585,20.7381972941176,3.57312743057523
"BVic",4.11675457473963,17.1212926297461,3.76465656364029
"AH1",1.59064210675815,22.4884312499319,1.23935056933848
"AH1",2.45921470537983,12.6781959438953,1.32752701893604
"BVic",2.34220009846747,21.7831414669309,18.9218989756967
"BVic",1.70315722871554,21.0834686233725,2.67482333567906
"BVic",1.56219804973631,21.2428996712057,2.56337171026801
"BVic",1.78630109897752,20.1713373666151,4.57388169472929
"BVic",8.08813166244698,21.5796414036836,6.25594342196874
"BVic",1.56060447610198,17.9749539943969,2.54680875380181
"BVic",1.62707964973155,20.8176413100101,14.5093795302276
"BVic",1.67751080623726,21.3143635574075,2.43760701007916
"BVic",2.72399257998395,17.4549045409371,5.58040425391761
"BVic",1.53685741550474,21.5099781435521,2.17420154521193
"BVic",1.33078611849361,20.4138744239375,1.49175967442259
"BVic",1.98405964478002,19.6432669827951,2.45330952577755
"BVic",1.79367476327524,22.1934887287794,6.39190047853683
"BVic",2.68785722232665,16.0606922731205,5.36620007388128
"AH1",2.21396156427794,18.768960636413,6.26169574569801
"BVic",1.88826507024454,19.615251677232,1.06475070907177
"BVic",1.63765164357269,19.8435393985692,1.8500013976367
"BVic",1.59693852956329,20.2157401283266,2.54112646189183
"BVic",1.24287361880847,20.8400918766654,1.89110150308353
"BVic",1.63119898930586,18.457433237159,2.61959833165023
"BVic",1.62750810162601,21.5549906407038,2.31303337897559
"BVic",6.25376043917503,18.6837196663036,1.5497013806743
"AH1",2.78737570045233,18.6385728395133,4.9645199919451
"AH1",1.73947237042138,23.4691710876051,1.66938858973328
"AH1",4.12227696574831,14.0260941804713,3.48945577115071
"BVic",1.45242756573663,20.8869345684601,2.42423887880226
"BVic",1.58169146487438,22.8917758747024,11.4228770129674
"BVic",2.93068057005955,22.3106528814117,2.56640555469059
"BVic",1.55816873117851,21.8379168691795,2.6354049052898
"BVic",1.69206901498399,20.19920237316,2.56183119712309
"BVic",1.74390774697371,22.1380453715826,5.82944449497325
"BVic",1.95598388404825,17.5309153609216,5.37863562357759
"BVic",1.10095027101853,20.3644248237493,1.42681270151906
"BVic",1.31052965030138,18.671772449509,2.81244286402719
"BVic",1.74693585284728,20.3192586125653,1.74822833673764
"BVic",1.08713422977641,20.2692488527147,1.36346759431518
"BVic",1.98746952833152,20.0938840633774,6.17554075309993
"AH1",2.78492094366689,16.1939146380445,5.04937604835859
"AH1",2.1510940572455,25.5636088874749,3.4069791276453
"BVic",1.71396705383108,21.3052442523437,2.63322054856723
"BVic",1.59466622033115,19.1087474678612,4.49338653325062
"BVic",1.34047377935417,21.4934462759211,2.34918576248006
"AH1",2.77369631959185,20.2439607383196,4.45557301718769
"AH1",1.98372254870549,23.6225104915844,1.95489857121798
"AH1",2.90813792453066,16.1265715022052,4.8516826664581
"AH1",2.21234850053384,21.0784107348007,2.30016316013465
"AH1",2.3953809752576,14.0460447299886,5.84927922286421
"BVic",2.07856829974234,21.1601990112089,2.41409415288287
"AH1",1.98089537954459,23.214325103897,2.1587847177541
"BVic",1.65554416193962,19.4725511589458,3.02916345252918
"AH1",1.91895926491356,22.4053960384276,1.89662752142911
"AH1",2.08624639894207,24.3775642355879,7.22706012449112
"BVic",1.69879781261515,20.4517002686854,10.7387024575688
"BVic",1.56050561867393,19.5386124989,6.39792498119403
"AH1",2.41994831437385,27.7665759492554,8.18178914930412
"BVic",3.64576460621341,22.0446558802886,5.93556191730039
"BVic",2.24640296448582,14.8562671814202,8.88528133982089
"BVic",1.68426588880964,20.8093709818322,15.106405522364
"BVic",1.51606621804592,22.4570051024828,12.3534560601642
"BVic",1.84257843587257,17.1587826759048,3.97703278320436
"BVic",1.80354438915155,22.7562676525185,4.3459839908175
"BVic",4.95242556952316,17.6531139924327,5.7116659904575
"BVic",1.59117355495738,20.627107063056,2.03986203390425
"BVic",2.62222901168954,22.0092743764921,3.36321277260915
"BVic",3.92260539251529,19.3007470847456,3.94827224691563
"BVic",1.78932293955533,19.7852149148535,1.48701506073994
"BVic",1.08453421791615,17.6615333214536,9.72280167890942
"BVic",1.42561051541387,20.7635985614993,1.75464786618144
"BVic",1.6481475251579,19.0248186706152,2.1165685835717
"AH1",2.19190782988659,20.0659045536533,5.31300875888429
"BVic",1.3463748034508,19.3328354983694,11.6051197573653
"AH1",4.15727325465982,19.177677538531,3.82044440704663
"BVic",4.28199576103791,18.2276857445314,3.86705927120691
"BVic",1.63014737261604,16.366400267091,2.99740447674094
"AH1",2.41567350928783,24.6955424162143,3.32217767547696
"BVic",1.83462797308786,21.043163910581,2.06343548196529
"BVic",2.02107526938326,18.7483626012444,4.53303301925819
"AH1",1.98370588204617,23.371285449492,1.59742058288573
"BVic",1.88027594436796,20.4124567031756,2.38092663613292
"AH1",2.00757497306097,23.8001675430524,1.97454902652409
"BVic",1.82167106619255,20.1006657681987,2.29366600075703
"BVic",1.72829207741785,21.2509905926389,2.69691362611089
"AH1",1.49322529632463,22.9592363270862,1.51408939811684
"BVic",4.01254687000814,19.9438418336951,4.71550839036773
"AH1",1.44571746244121,21.4179331915324,1.25381876509644
"BVic",1.99667015548253,21.122687479812,2.06859354425733
"BVic",2.51259905754101,21.5830989608907,2.88805039191688
"AH1",1.91892304484926,26.6746539037233,22.4049410708953
"BVic",1.84488254702014,23.3121464596245,4.0333260213037
"AH1",3.21079875155963,20.9577821328964,7.92722860899016
"BVic",1.70014700906633,21.2682869193868,11.5428402886328
"AH1",3.04707241465839,23.9422595711299,3.16008273189468
"BVic",1.57840794334157,21.3240283386748,1.83935399007035
"AH1",1.98807833211269,23.3069170757298,2.02379910725153
"BVic",1.77384005480678,19.3497946267689,3.09102670611262
"AH1",3.82444100286396,20.5198430634701,3.17649983991513
"BVic",1.88454185551953,20.2279141983272,1.84798705540507
"BVic",1.67640472140501,18.8499799036551,3.18211704241229
"AH1",2.36305589803021,24.5495641485227,4.2091419843735
"BVic",1.9125362779013,18.3203423419729,6.63221456837795
